species,lat,long,ID,origin
Brown Rockfish,48.7323,-122.74732,BR0001,Wray 2022
Brown Rockfish,48.93407,-123.05245,BR0002,Wray 2022
Brown Rockfish,48.73882,-122.75015,BR0003,Wray 2022
Brown Rockfish,48.73678,-122.7509,BR0004,Wray 2022
Brown Rockfish,48.7323,-122.74732,BR0005,Wray 2022
Brown Rockfish,47.91364041,-122.4857838,BR0008,Wray 2022
Brown Rockfish,47.58876756,-122.4737125,BR0009,Wray 2022
Brown Rockfish,47.9576423,-122.6063193,BR0010,Wray 2022
Brown Rockfish,47.58876756,-122.4737125,BR0011,Wray 2022
Brown Rockfish,47.28954812,-122.5415916,BR0012,Wray 2022
Brown Rockfish,47.91282258,-122.4848719,BR0014,Wray 2022
Brown Rockfish,47.58876756,-122.4737125,BR0015,Wray 2022
Brown Rockfish,47.32317816,-122.4838515,BR0016,Wray 2022
Brown Rockfish,47.52787522,-122.4959246,BR0017,Wray 2022
Brown Rockfish,47.28622444,-122.5422275,BR0018,Wray 2022
Brown Rockfish,47.9576423,-122.6063193,BR0019,Wray 2022
Brown Rockfish,47.28671722,-122.5421305,BR0020,Wray 2022
Brown Rockfish,32.83,-117.25,BR0024,Wray 2022
Brown Rockfish,32.83,-117.25,BR0028,Wray 2022
Brown Rockfish,38.324356,-123.038591,BR0033,Wray 2022
Brown Rockfish,38.324356,-123.038591,BR0034,Wray 2022
Brown Rockfish,31.85,-116.63,BR0036,Wray 2022
Brown Rockfish,31.85,-116.63,BR0040,Wray 2022
Brown Rockfish,32.83,-117.25,BR0054,Wray 2022
Brown Rockfish,36.58,-122.08,BR0055,Wray 2022
Brown Rockfish,47.4374878,-122.3652344,BR20058,Wray 2022
Brown Rockfish,47.5766,-122.53196,BR20061,Wray 2022
Brown Rockfish,47.5766,-122.53196,BR20062,Wray 2022
Brown Rockfish,47.5766,-122.53196,BR20063,Wray 2022
Brown Rockfish,47.24643,-122.60132,BR20064,Wray 2022
Brown Rockfish,47.24643,-122.60132,BR20065,Wray 2022
Brown Rockfish,47.24643,-122.60132,BR20066,Wray 2022
Brown Rockfish,47.24643,-122.60132,BR20067,Wray 2022
Brown Rockfish,47.24643,-122.60132,BR20068,Wray 2022
Brown Rockfish,47.24643,-122.60132,BR20069,Wray 2022
Brown Rockfish,47.5766,-122.53196,BR20070,Wray 2022
Brown Rockfish,47.72388,-122.87548,BR50001,New (Liz)
Brown Rockfish,47.14626667,-122.66615,BR50002,New (Liz)
Brown Rockfish,47.72388,-122.87548,BR50003,New (Liz)
Brown Rockfish,47.4366,-123.1174,BR50004,New (Liz)
Brown Rockfish,47.4366,-123.1174,BR50004RE,New (Liz)
Brown Rockfish,47.5766,-122.53196,BR50005,New (Liz)
Brown Rockfish,47.906292,-122.614787,BR50006,New (Liz)
Brown Rockfish,47.906292,-122.614787,BR50006RE,New (Liz)
Brown Rockfish,47.13026667,-122.68535,BR50007,New (Liz)
Brown Rockfish,47.72388,-122.87548,BR50008,New (Liz)
Brown Rockfish,47.92425,-122.6785667,BR50009,New (Liz)
Brown Rockfish,47.13648333,-122.67025,BR50010,New (Liz)
Brown Rockfish,47.4366,-123.1174,BR50011,New (Liz)
Brown Rockfish,47.124792,-122.687455,BR50013,New (Liz)
Brown Rockfish,47.124792,-122.687455,BR50014,New (Liz)
Brown Rockfish,47.4366,-123.1174,BR50015,New (Liz)
Brown Rockfish,47.12561667,-122.6880333,BR50016,New (Liz)
Brown Rockfish,47.246315,-122.601327,BR50017,New (Liz)
Brown Rockfish,47.4366,-123.1174,BR50018,New (Liz)
Brown Rockfish,47.13761667,-122.6696333,BR50019,New (Liz)
Brown Rockfish,47.27253333,-122.7251833,BR50020,New (Liz)
Brown Rockfish,47.1488,-122.6667833,BR50021,New (Liz)
Brown Rockfish,47.1488,-122.6667833,BR50021RE,New (Liz)
Brown Rockfish,38.324356,-123.038591,BR50022,New (Liz)
Brown Rockfish,47.858506,-122.641888,BR50023,New (Liz)
Brown Rockfish,47.246315,-122.601327,BR50025,New (Liz)
Brown Rockfish,47.246315,-122.601327,BR50025RE,New (Liz)
Brown Rockfish,47.72388,-122.87548,BR50026,New (Liz)
Brown Rockfish,47.13898,-122.670266,BR50027,New (Liz)
Brown Rockfish,47.13898,-122.670266,BR50027RE,New (Liz)
Brown Rockfish,47.2382,-122.653,BR50028,New (Liz)
Brown Rockfish,47.858358,-122.642378,BR50029,New (Liz)
Brown Rockfish,47.137228,-122.672023,BR50030,New (Liz)
Brown Rockfish,47.4366,-123.1174,BR50031,New (Liz)
Brown Rockfish,47.4366,-123.1174,BR50031RE,New (Liz)
Brown Rockfish,47.274297,-122.74732,BR50032,New (Liz)
Brown Rockfish,47.1297,-122.6860667,BR50033,New (Liz)
Brown Rockfish,47.1297,-122.6860667,BR50033RE,New (Liz)
Brown Rockfish,47.72388,-122.87548,BR50034,New (Liz)
Brown Rockfish,47.859122,-122.640526,BR50035,New (Liz)
Brown Rockfish,47.12576667,-122.6868833,BR50036,New (Liz)
Brown Rockfish,47.4366,-123.1174,BR50037,New (Liz)
Brown Rockfish,47.27335,-122.7229667,BR50038,New (Liz)
Brown Rockfish,47.13668333,-122.6702333,BR50039,New (Liz)
Brown Rockfish,47.13756667,-122.6718333,BR50040,New (Liz)
Brown Rockfish,47.3804,-123.1269,BR50043,New (Liz)
Brown Rockfish,47.4366,-123.1174,BR50044,New (Liz)
Brown Rockfish,47.13873333,-122.6718833,BR50045,New (Liz)
Brown Rockfish,47.13026667,-122.68535,BR50046,New (Liz)
Brown Rockfish,47.23628333,-122.6702833,BR50047,New (Liz)
Brown Rockfish,47.85862,-122.642248,BR50048,New (Liz)
Brown Rockfish,47.85862,-122.642248,BR50048RE,New (Liz)
Brown Rockfish,47.858259,-122.641693,BR50050,New (Liz)
Brown Rockfish,47.246315,-122.601327,BR50051,New (Liz)
Brown Rockfish,47.17805,-122.6695833,BR50052,New (Liz)
Brown Rockfish,47.13898,-122.670266,BR50053,New (Liz)
Brown Rockfish,47.4366,-123.1174,BR50054,New (Liz)
Brown Rockfish,47.83383333,-122.8141333,BR50055,New (Liz)
Brown Rockfish,47.23911667,-122.6492333,BR50056,New (Liz)
Brown Rockfish,47.72388,-122.87548,BR50057,New (Liz)
Brown Rockfish,47.13221667,-122.6749667,BR50058,New (Liz)
Brown Rockfish,47.12445,-122.6885833,BR50059,New (Liz)
Brown Rockfish,47.72388,-122.87548,BR50060,New (Liz)
Brown Rockfish,47.4366,-123.1174,BR50061,New (Liz)
Brown Rockfish,47.24141667,-122.6736333,BR50062,New (Liz)
Brown Rockfish,47.72388,-122.87548,BR50063,New (Liz)
Brown Rockfish,47.72388,-122.87548,BR50063RE,New (Liz)
Brown Rockfish,47.858281,-122.642323,BR50064,New (Liz)
Brown Rockfish,47.858281,-122.642323,BR50064RE,New (Liz)
Brown Rockfish,47.72388,-122.87548,BR50065,New (Liz)
Brown Rockfish,47.4366,-123.1174,BR50066,New (Liz)
Brown Rockfish,47.13838333,-122.67215,BR50067,New (Liz)
Brown Rockfish,47.13838333,-122.67215,BR50067RE,New (Liz)
Brown Rockfish,47.246315,-122.601327,BR50068,New (Liz)
Brown Rockfish,48.73678,-122.7509,BR50069,New (Liz)
Brown Rockfish,47.5766,-122.53196,BR50070,New (Liz)
Brown Rockfish,48.73882,-122.75015,BR50071,New (Liz)
Brown Rockfish,48.73882,-122.75015,BR50071RE,New (Liz)
Copper Rockfish,48.28777,-124.3344,CO0002,Wray 2022
Copper Rockfish,48.28777,-124.3344,CO0003,Wray 2022
Copper Rockfish,48.56655,-123.0187,CO0004,Wray 2022
Copper Rockfish,48.23967,-124.16545,CO0005,Wray 2022
Copper Rockfish,48.2384,-124.16518,CO0006,Wray 2022
Copper Rockfish,48.2428,-124.17312,CO0007,Wray 2022
Copper Rockfish,48.23967,-124.16545,CO0009,Wray 2022
Copper Rockfish,48.56795,-123.01008,CO0010,Wray 2022
Copper Rockfish,48.6998,-122.65222,CO0013,Wray 2022
Copper Rockfish,48.24032,-124.1675,CO0014,Wray 2022
Copper Rockfish,48.71083,-122.70287,CO0015,Wray 2022
Copper Rockfish,47.992297,-122.36083,CO0016,Wray 2022
Copper Rockfish,48.243395,-124.17448,CO0018,Wray 2022
Copper Rockfish,47.992297,-122.36083,CO0019,Wray 2022
Copper Rockfish,48.087683,-122.42081,CO0020,Wray 2022
Copper Rockfish,47.992297,-122.36083,CO0021,Wray 2022
Copper Rockfish,47.992297,-122.36083,CO0024,Wray 2022
Copper Rockfish,47.992297,-122.36083,CO0027,Wray 2022
Copper Rockfish,48.110925,-122.491178,CO0030,Wray 2022
Copper Rockfish,48.087683,-122.42081,CO0031,Wray 2022
Copper Rockfish,48.087777,-122.421753,CO0032,Wray 2022
Copper Rockfish,48.673505,-123.035152,CO0033,Wray 2022
Copper Rockfish,48.087777,-122.421753,CO0037,Wray 2022
Copper Rockfish,47.992297,-122.36083,CO0039,Wray 2022
Copper Rockfish,48.3739,-124.57145,CO0041,Wray 2022
Copper Rockfish,48.36575,-124.5523,CO0044,Wray 2022
Copper Rockfish,48.36387,-124.53627,CO0045,Wray 2022
Copper Rockfish,47.32598895,-122.483811,CO0046,Wray 2022
Copper Rockfish,48.36575,-124.5523,CO0049,Wray 2022
Copper Rockfish,48.36387,-124.53627,CO0050,Wray 2022
Copper Rockfish,47.32549291,-122.4819578,CO0051,Wray 2022
Copper Rockfish,48.30035,-124.40376,CO0054,Wray 2022
Copper Rockfish,48.36575,-124.5523,CO0055,Wray 2022
Copper Rockfish,47.32548276,-122.4820752,CO0056,Wray 2022
Copper Rockfish,47.32598895,-122.483811,CO0059,Wray 2022
Copper Rockfish,48.30035,-124.40376,CO0061,Wray 2022
Copper Rockfish,48.37192,-124.57347,CO0063,Wray 2022
Copper Rockfish,47.32548276,-122.4820752,CO0064,Wray 2022
Copper Rockfish,48.38815,-124.6058,CO0066,Wray 2022
Copper Rockfish,48.37192,-124.57347,CO0067,Wray 2022
Copper Rockfish,48.55916706,-122.7369591,CO0069,Wray 2022
Copper Rockfish,48.36638,-124.5514,CO0070,Wray 2022
Copper Rockfish,49.89166667,-124.6626667,CO20072,Wray 2022
Copper Rockfish,49.31580556,-124.1326667,CO20073,Wray 2022
Copper Rockfish,49.92816667,-125.0048611,CO20074,Wray 2022
Copper Rockfish,49.89166667,-124.6626667,CO20075,Wray 2022
Copper Rockfish,49.31580556,-124.1326667,CO20076,Wray 2022
Copper Rockfish,49.92816667,-125.0048611,CO20077,Wray 2022
Copper Rockfish,49.89166667,-124.6626667,CO20078,Wray 2022
Copper Rockfish,48.93663889,-123.6847222,CO20079,Wray 2022
Copper Rockfish,49.89166667,-124.6626667,CO20080,Wray 2022
Copper Rockfish,50.18877778,-124.6770556,CO20081,Wray 2022
Copper Rockfish,50.18877778,-124.6770556,CO20082,Wray 2022
Copper Rockfish,50.18877778,-124.6770556,CO20083,Wray 2022
Copper Rockfish,50.18877778,-124.6770556,CO20084,Wray 2022
Copper Rockfish,49.92816667,-125.0048611,CO20085,Wray 2022
Copper Rockfish,49.92816667,-125.0048611,CO20087,Wray 2022
Copper Rockfish,49.31580556,-124.1326667,CO20088,Wray 2022
Copper Rockfish,49.92816667,-125.0048611,CO20089,Wray 2022
Copper Rockfish,48.69024042,-123.1961223,CO20090,Wray 2022
Copper Rockfish,49.89166667,-124.6626667,CO20091,Wray 2022
Copper Rockfish,49.92816667,-125.0048611,CO20092,Wray 2022
Copper Rockfish,47.914102,-122.517543,CO20093,Wray 2022
Copper Rockfish,47.88473,-122.510755,CO20094,Wray 2022
Copper Rockfish,49.22088889,-123.8855556,CO20096,Wray 2022
Copper Rockfish,47.96201434,-122.51161,CO20097,Wray 2022
Copper Rockfish,49.22088889,-123.8855556,CO20098,Wray 2022
Copper Rockfish,47.959389,-122.515072,CO20099,Wray 2022
Copper Rockfish,49.22088889,-123.8855556,CO20100,Wray 2022
Copper Rockfish,47.959079,-122.521709,CO20101,Wray 2022
Copper Rockfish,49.22088889,-123.8855556,CO20102,Wray 2022
Copper Rockfish,47.89799076,-122.5090947,CO20103,Wray 2022
Copper Rockfish,47.95940355,-122.5185586,CO20104,Wray 2022
Copper Rockfish,47.9623464,-122.5116029,CO20106,Wray 2022
Copper Rockfish,47.96183175,-122.5114307,CO20107,Wray 2022
Copper Rockfish,47.96324,-122.510672,CO20108,Wray 2022
Copper Rockfish,47.697355,-122.87036,CO50002,New (Liz)
Copper Rockfish,48.286,-124.331,CO50002RE,New (Liz)
Copper Rockfish,47.27296667,-122.7249167,CO50003,New (Liz)
Copper Rockfish,47.27296667,-122.7249167,CO50003RE,New (Liz)
Copper Rockfish,47.27335,-122.7229667,CO50004,New (Liz)
Copper Rockfish,47.54246667,-123.02015,CO50005,New (Liz)
Copper Rockfish,47.54246667,-123.02015,CO50005RE,New (Liz)
Copper Rockfish,47.697355,-122.87036,CO50006,New (Liz)
Copper Rockfish,48.441,-123.274,CO50006RE,New (Liz)
Copper Rockfish,47.697355,-122.87036,CO50008,New (Liz)
Copper Rockfish,47.697355,-122.87036,CO50009,New (Liz)
Copper Rockfish,47.14608333,-122.6717833,CO50010,New (Liz)
Copper Rockfish,47.27335,-122.7229667,CO50011,New (Liz)
Copper Rockfish,47.18286667,-122.61735,CO50012,New (Liz)
Copper Rockfish,47.697355,-122.87036,CO50013,New (Liz)
Copper Rockfish,47.27335,-122.7229667,CO50014,New (Liz)
Copper Rockfish,47.27403333,-122.7238,CO50015,New (Liz)
Copper Rockfish,47.6557,-122.81775,CO50017,New (Liz)
Copper Rockfish,47.274297,-122.722708,CO50018,New (Liz)
Copper Rockfish,47.4157,-123.1046167,CO50019,New (Liz)
Copper Rockfish,47.494023,-123.06601,CO50020,New (Liz)
Copper Rockfish,47.1297,-122.6860667,CO50021,New (Liz)
Copper Rockfish,47.494023,-123.06601,CO50022,New (Liz)
Copper Rockfish,47.858476,-122.64221,CO50023,New (Liz)
Copper Rockfish,47.858476,-122.64221,CO50023RE,New (Liz)
Copper Rockfish,48.286,-124.331,CO50024,New (Liz)
Copper Rockfish,47.18286667,-122.61735,CO50025,New (Liz)
Copper Rockfish,47.32548276,-122.4820752,CO50026,New (Liz)
Copper Rockfish,47.13026667,-122.68535,CO50027,New (Liz)
Copper Rockfish,47.697355,-122.87036,CO50028,New (Liz)
Copper Rockfish,47.14608333,-122.6717833,CO50029,New (Liz)
Copper Rockfish,48.36387,-124.53627,CO50030,New (Liz)
Copper Rockfish,47.380127,-123.126862,CO50032,New (Liz)
Copper Rockfish,47.27296667,-122.7249167,CO50034,New (Liz)
Copper Rockfish,47.13091667,-122.6742167,CO50038,New (Liz)
Copper Rockfish,48.3739,-124.57145,CO50039,New (Liz)
Copper Rockfish,47.858445,-122.642047,CO50040,New (Liz)
Copper Rockfish,47.858445,-122.642047,CO50040RE,New (Liz)
Copper Rockfish,47.54246667,-123.02015,CO50041,New (Liz)
Copper Rockfish,47.90646667,-122.6149167,CO50042,New (Liz)
Copper Rockfish,47.18286667,-122.61735,CO50043,New (Liz)
Copper Rockfish,47.858995,-122.641897,CO50044,New (Liz)
Copper Rockfish,47.6557,-122.81775,CO50045,New (Liz)
Copper Rockfish,47.27296667,-122.7249167,CO50046,New (Liz)
Copper Rockfish,47.6557,-122.81775,CO50047,New (Liz)
Copper Rockfish,47.13053333,-122.6563333,CO50048,New (Liz)
Copper Rockfish,47.13053333,-122.6563333,CO50048RE,New (Liz)
Copper Rockfish,47.27296667,-122.7249167,CO50049,New (Liz)
Copper Rockfish,47.697355,-122.87036,CO50050,New (Liz)
Copper Rockfish,47.9073,-122.61685,CO50051,New (Liz)
Copper Rockfish,47.494023,-123.06601,CO50052,New (Liz)
Copper Rockfish,47.13091667,-122.6742167,CO50053,New (Liz)
Copper Rockfish,47.697355,-122.87036,CO50054,New (Liz)
Copper Rockfish,47.54246667,-123.02015,CO50055,New (Liz)
Copper Rockfish,47.27303333,-122.72235,CO50056,New (Liz)
Copper Rockfish,47.494023,-123.06601,CO50057,New (Liz)
Copper Rockfish,47.546797,-123.002322,CO50058,New (Liz)
Copper Rockfish,47.2156,-122.6450333,CO50059,New (Liz)
Copper Rockfish,47.667843,-122.894408,CO50060,New (Liz)
Copper Rockfish,48.803,-123.067,CO50061,New (Liz)
Copper Rockfish,47.27335,-122.7229667,CO50062,New (Liz)
Copper Rockfish,47.27335,-122.7229667,CO50063,New (Liz)
Copper Rockfish,53.33,-131.27,CO50064,New (Liz)
Copper Rockfish,47.13026667,-122.68535,CO50065,New (Liz)
Copper Rockfish,48.548,-122.742,CO50066,New (Liz)
Copper Rockfish,48.54993867,-122.9896859,CO50067,New (Liz)
Copper Rockfish,48.55089094,-122.9792897,CO50068,New (Liz)
Copper Rockfish,47.6557,-122.81775,CO50069,New (Liz)
Copper Rockfish,48.41747585,-122.8819515,CO50070,New (Liz)
Copper Rockfish,48.41747585,-122.8819515,CO50070RE,New (Liz)
Copper Rockfish,48.4882591,-122.7580543,CO50071,New (Liz)
Copper Rockfish,48.67678134,-123.0347725,CO50072,New (Liz)
Copper Rockfish,47.14608333,-122.6717833,CO50073,New (Liz)
Copper Rockfish,48.38815,-124.6058,CO50074,New (Liz)
Copper Rockfish,47.494023,-123.06601,CO50075,New (Liz)
Copper Rockfish,47.494023,-123.06601,CO50075RE,New (Liz)
Copper Rockfish,47.13091667,-122.6742167,CO50076,New (Liz)
Copper Rockfish,47.13091667,-122.6742167,CO50077,New (Liz)
Copper Rockfish,48.68844199,-122.7594623,CO50078,New (Liz)
Copper Rockfish,48.5634503,-122.7374098,CO50079,New (Liz)
Copper Rockfish,48.68844199,-122.7594623,CO50080,New (Liz)
Copper Rockfish,48.75156954,-122.9352944,CO50081,New (Liz)
Copper Rockfish,48.64131751,-122.7409992,CO50082,New (Liz)
Copper Rockfish,47.13026667,-122.68535,CO50083,New (Liz)
Copper Rockfish,48.64106077,-122.7404968,CO50084,New (Liz)
Copper Rockfish,48.74632214,-122.8236887,CO50085,New (Liz)
Copper Rockfish,48.4882591,-122.7580543,CO50086,New (Liz)
Copper Rockfish,47.54246667,-123.02015,CO50087,New (Liz)
Copper Rockfish,48.55535782,-122.9856707,CO50088,New (Liz)
Copper Rockfish,47.667843,-122.894408,CO50089,New (Liz)
Copper Rockfish,48.55882215,-122.9889071,CO50090RE,New (Liz)
Copper Rockfish,48.61845185,-122.7168377,CO50091,New (Liz)
Copper Rockfish,47.13091667,-122.6742167,CO50092,New (Liz)
Copper Rockfish,47.494023,-123.06601,CO50093,New (Liz)
Copper Rockfish,48.36638,-124.5514,CO50094,New (Liz)
Copper Rockfish,48.6403,-122.74468,CO50095,New (Liz)
Copper Rockfish,48.66862,-122.66979,CO50096,New (Liz)
Copper Rockfish,48.48885396,-122.7587859,CO50097,New (Liz)
Copper Rockfish,48.48885396,-122.7587859,CO50097B,New (Liz)
Copper Rockfish,48.46624227,-123.0611116,CO50098,New (Liz)
Copper Rockfish,48.46624227,-123.0611116,CO50098B,New (Liz)
Copper Rockfish,48.74982468,-122.8371512,CO50099,New (Liz)
Copper Rockfish,48.74982468,-122.8371512,CO50099B,New (Liz)
Copper Rockfish,48.55915575,-122.735237,CO50100,New (Liz)
Copper Rockfish,48.55915575,-122.735237,CO50100B,New (Liz)
Copper Rockfish,48.69024042,-123.1961223,CO50101,New (Liz)
Copper Rockfish,48.69024042,-123.1961223,CO50101B,New (Liz)
Copper Rockfish,48.74859187,-122.933709,CO50102,New (Liz)
Copper Rockfish,48.74859187,-122.933709,CO50102B,New (Liz)
Copper Rockfish,48.69598713,-122.7550891,CO50103,New (Liz)
Copper Rockfish,48.69598713,-122.7550891,CO50103B,New (Liz)
Copper Rockfish,48.5604049,-122.737262,CO50104,New (Liz)
Copper Rockfish,48.5604049,-122.737262,CO50104B,New (Liz)
Copper Rockfish,48.54551152,-122.7655597,CO50105,New (Liz)
Copper Rockfish,48.54551152,-122.7655597,CO50105B,New (Liz)
Copper Rockfish,48.41364608,-122.8231619,CO50106,New (Liz)
Copper Rockfish,48.41364608,-122.8231619,CO50106B,New (Liz)
Copper Rockfish,48.67827366,-123.2325319,CO50107,New (Liz)
Copper Rockfish,48.67827366,-123.2325319,CO50107B,New (Liz)
Copper Rockfish,48.66971,-122.67055,CO50108,New (Liz)
Copper Rockfish,48.66971,-122.67055,CO50108B,New (Liz)
Copper Rockfish,48.55335421,-122.7612593,CO50109,New (Liz)
Copper Rockfish,48.55335421,-122.7612593,CO50109B,New (Liz)
Copper Rockfish,48.6912273,-122.7564212,CO50110,New (Liz)
Copper Rockfish,48.6912273,-122.7564212,CO50110B,New (Liz)
Copper Rockfish,48.6396,-122.74615,CO50111,New (Liz)
Copper Rockfish,48.6396,-122.74615,CO50111B,New (Liz)
Copper Rockfish,48.55916706,-122.7369591,CO50112,New (Liz)
Copper Rockfish,48.55916706,-122.7369591,CO50112B,New (Liz)
Copper Rockfish,48.408193,-124.664577,CO50113,New (Liz)
Copper Rockfish,48.408193,-124.664577,CO50113B,New (Liz)
Quillback Rockfish,48.18205,-123.70658,QB20001,Wray 2022
Quillback Rockfish,48.42512,-122.72983,QB20002,Wray 2022
Quillback Rockfish,48.67427,-123.03002,QB20003,Wray 2022
Quillback Rockfish,48.2055,-123.51332,QB20006,Wray 2022
Quillback Rockfish,48.67427,-123.03002,QB20008,Wray 2022
Quillback Rockfish,48.73978,-122.75058,QB20009,Wray 2022
Quillback Rockfish,48.20372,-123.5034,QB20010,Wray 2022
Quillback Rockfish,48.56305,-123.01787,QB20013,Wray 2022
Quillback Rockfish,48.73978,-122.75058,QB20014,Wray 2022
Quillback Rockfish,48.20653,-123.509987,QB20015,Wray 2022
Quillback Rockfish,48.803,-123.067,QB20017,Wray 2022
Quillback Rockfish,48.781109,-122.865103,QB20018,Wray 2022
Quillback Rockfish,48.42375,-122.72862,QB20019,Wray 2022
Quillback Rockfish,48.20653,-123.509987,QB20020,Wray 2022
Quillback Rockfish,47.233414,-122.654294,QB20023,Wray 2022
Quillback Rockfish,48.42375,-122.72862,QB20024,Wray 2022
Quillback Rockfish,48.20653,-123.509987,QB20025,Wray 2022
Quillback Rockfish,48.24328,-124.16798,QB20028,Wray 2022
Quillback Rockfish,49.88472222,-124.7593333,QB20031,Wray 2022
Quillback Rockfish,49.88472222,-124.7593333,QB20032,Wray 2022
Quillback Rockfish,48.24642,-124.17402,QB20033,Wray 2022
Quillback Rockfish,48.182102,-123.705098,QB20034,Wray 2022
Quillback Rockfish,49.88472222,-124.7593333,QB20035,Wray 2022
Quillback Rockfish,48.414,-123.149,QB20036,Wray 2022
Quillback Rockfish,49.88472222,-124.7593333,QB20037,Wray 2022
Quillback Rockfish,48.17997,-123.6947,QB20038,Wray 2022
Quillback Rockfish,48.73928,-122.75135,QB20039,Wray 2022
Quillback Rockfish,48.42357,-122.73058,QB20040,Wray 2022
Quillback Rockfish,48.17945,-123.69225,QB20041,Wray 2022
Quillback Rockfish,48.77415,-122.85885,QB20042,Wray 2022
Quillback Rockfish,48.77912,-122.85208,QB20043,Wray 2022
Quillback Rockfish,48.17945,-123.69225,QB20044,Wray 2022
Quillback Rockfish,48.77912,-122.85208,QB20046,Wray 2022
Quillback Rockfish,48.204967,-123.516387,QB20048,Wray 2022
Quillback Rockfish,48.204967,-123.516387,QB20049,Wray 2022
Quillback Rockfish,48.119,-122.394,QB20050,Wray 2022
Quillback Rockfish,48.204967,-123.516387,QB20051,Wray 2022
Quillback Rockfish,48.414,-123.149,QB20052,Wray 2022
Quillback Rockfish,48.70183333,-123.3011111,QB20053,Wray 2022
Quillback Rockfish,48.119,-122.394,QB20054,Wray 2022
Quillback Rockfish,48.179888,-123.693833,QB20055,Wray 2022
Quillback Rockfish,48.70183333,-123.3011111,QB20057,Wray 2022
Quillback Rockfish,48.203725,-123.503443,QB20059,Wray 2022
Quillback Rockfish,48.70183333,-123.3011111,QB20061,Wray 2022
Quillback Rockfish,48.203725,-123.503443,QB20063,Wray 2022
Quillback Rockfish,48.193,-122.542,QB20064,Wray 2022
Quillback Rockfish,48.70183333,-123.3011111,QB20065,Wray 2022
Quillback Rockfish,48.193,-122.542,QB20067,Wray 2022
Quillback Rockfish,48.70183333,-123.3011111,QB20068,Wray 2022
Quillback Rockfish,48.70183333,-123.3011111,QB20071,Wray 2022
Quillback Rockfish,49.21939,-123.8772,QB20073,Wray 2022
Quillback Rockfish,48.182242,-123.704656,QB20074,Wray 2022
Quillback Rockfish,48.204967,-123.516387,QB20075,Wray 2022
Quillback Rockfish,48.193,-122.542,QB20076,Wray 2022
Quillback Rockfish,47.96924237,-122.5088309,QB20077,Wray 2022
Quillback Rockfish,49.21938889,-123.8771944,QB20078,Wray 2022
Quillback Rockfish,48.119,-122.394,QB20079,Wray 2022
Quillback Rockfish,49.55658333,-123.3704444,QB20080,Wray 2022
Quillback Rockfish,47.868394,-122.443309,QB20081,Wray 2022
Quillback Rockfish,49.79222222,-124.4859444,QB20082,Wray 2022
Quillback Rockfish,48.119,-122.394,QB20083,Wray 2022
Quillback Rockfish,49.55658333,-123.3704444,QB20084,Wray 2022
Quillback Rockfish,47.861823,-122.442828,QB20085,Wray 2022
Quillback Rockfish,49.79222222,-124.4859444,QB20086,Wray 2022
Quillback Rockfish,49.21938889,-123.8771944,QB20087,Wray 2022
Quillback Rockfish,47.963036,-122.512244,QB20088,Wray 2022
Quillback Rockfish,49.21938889,-123.8771944,QB20089,Wray 2022
Quillback Rockfish,47.88428435,-122.4500471,QB20090,Wray 2022
Quillback Rockfish,49.21938889,-123.8771944,QB20091,Wray 2022
Quillback Rockfish,47.95887543,-122.5375285,QB20092,Wray 2022
Quillback Rockfish,49.21938889,-123.8771944,QB20093,Wray 2022
Quillback Rockfish,47.95894288,-122.5167444,QB20094,Wray 2022
Quillback Rockfish,49.79222222,-124.4859444,QB20095,Wray 2022
Quillback Rockfish,49.21938889,-123.8771944,QB20097,Wray 2022
Quillback Rockfish,47.86626,-122.444226,QB20098,Wray 2022
Quillback Rockfish,49.79222222,-124.4859444,QB20099,Wray 2022
Quillback Rockfish,48.119,-122.394,QB20100,Wray 2022
Quillback Rockfish,49.79222222,-124.4859444,QB20103,Wray 2022
Quillback Rockfish,48.119,-122.394,QB20104,Wray 2022
Quillback Rockfish,47.870959,-122.442817,QB20105,Wray 2022
Quillback Rockfish,49.55658333,-123.3704444,QB20106,Wray 2022
Quillback Rockfish,47.95799601,-122.5196241,QB20107,Wray 2022
Quillback Rockfish,49.55658333,-123.3704444,QB20108,Wray 2022
Quillback Rockfish,47.95971132,-122.5169646,QB20109,Wray 2022
Quillback Rockfish,49.55658333,-123.3704444,QB20110,Wray 2022
Quillback Rockfish,47.13898,-122.670266,QB50001,New (Liz)
Quillback Rockfish,47.91893333,-122.6285333,QB50003,New (Liz)
Quillback Rockfish,47.41613333,-123.1232667,QB50004,New (Liz)
Quillback Rockfish,47.3748,-123.1210333,QB50005,New (Liz)
Quillback Rockfish,47.13648333,-122.67025,QB50006,New (Liz)
Quillback Rockfish,48.179888,-123.693833,QB50007,New (Liz)
Quillback Rockfish,48.432,-123.179,QB50008,New (Liz)
Quillback Rockfish,47.2156,-122.6450333,QB50010,New (Liz)
Quillback Rockfish,47.12561667,-122.6880333,QB50011,New (Liz)
Quillback Rockfish,47.93788333,-122.6443667,QB50012,New (Liz)
Quillback Rockfish,47.184,-122.614,QB50013,New (Liz)
Quillback Rockfish,47.13668333,-122.6702333,QB50014,New (Liz)
Quillback Rockfish,47.444636,-123.085824,QB50015,New (Liz)
Quillback Rockfish,47.137228,-122.672023,QB50016,New (Liz)
Quillback Rockfish,47.13026667,-122.68535,QB50017,New (Liz)
Quillback Rockfish,47.90915,-122.6224667,QB50018,New (Liz)
Quillback Rockfish,47.640304,-122.888559,QB50019,New (Liz)
Quillback Rockfish,47.18286667,-122.61735,QB50020,New (Liz)
Quillback Rockfish,47.60013333,-122.9756167,QB50021,New (Liz)
Quillback Rockfish,48.19402,-124.8209,QB50022,New (Liz)
Quillback Rockfish,48.408193,-124.664577,QB50023,New (Liz)
Quillback Rockfish,47.41393333,-123.11915,QB50024,New (Liz)
Quillback Rockfish,47.39962,-123.124773,QB50026,New (Liz)
Quillback Rockfish,47.5597,-122.4798333,QB50027,New (Liz)
Quillback Rockfish,47.18563,-124.37435,QB50028,New (Liz)
Quillback Rockfish,47.90553333,-122.6155,QB50029,New (Liz)
Quillback Rockfish,48.67427,-123.03002,QB50030,New (Liz)
Quillback Rockfish,48.408193,-124.664577,QB50031,New (Liz)
Quillback Rockfish,47.912885,-122.621158,QB50032,New (Liz)
Quillback Rockfish,47.24141667,-122.6736333,QB50036,New (Liz)
Quillback Rockfish,47.4133,-123.1202333,QB50039,New (Liz)
Quillback Rockfish,47.38041667,-123.1274333,QB50040,New (Liz)
Quillback Rockfish,47.2382,-122.653,QB50041,New (Liz)
Quillback Rockfish,47.70666667,-122.86445,QB50042,New (Liz)
Quillback Rockfish,47.14608333,-122.6717833,QB50043,New (Liz)
Quillback Rockfish,47.184,-122.614,QB50044,New (Liz)
Quillback Rockfish,47.13091667,-122.6742167,QB50045,New (Liz)
Quillback Rockfish,47.445506,-123.084677,QB50046,New (Liz)
Quillback Rockfish,47.445506,-123.084677,QB50046RE,New (Liz)
Quillback Rockfish,47.640304,-122.888559,QB50047,New (Liz)
Quillback Rockfish,47.41393333,-123.11915,QB50048,New (Liz)
Quillback Rockfish,47.184,-122.614,QB50049,New (Liz)
Quillback Rockfish,47.912885,-122.621158,QB50050,New (Liz)
Quillback Rockfish,47.146,-122.668,QB50051,New (Liz)
Quillback Rockfish,47.63938333,-122.8901667,QB50052,New (Liz)
Quillback Rockfish,47.641055,-122.887432,QB50053,New (Liz)
Quillback Rockfish,48.408193,-124.664577,QB50054,New (Liz)
Quillback Rockfish,47.275049,-122.724583,QB50055,New (Liz)
Quillback Rockfish,47.275049,-122.724583,QB50055RE,New (Liz)
Quillback Rockfish,47.23991667,-122.64985,QB50056,New (Liz)
Quillback Rockfish,47.445225,-123.085318,QB50057,New (Liz)
Quillback Rockfish,47.13668333,-122.6702333,QB50058,New (Liz)
Quillback Rockfish,48.42357,-122.73058,QB50059,New (Liz)
Quillback Rockfish,47.9097,-122.6233333,QB50060,New (Liz)
Quillback Rockfish,47.18286667,-122.61735,QB50061,New (Liz)
Quillback Rockfish,47.60013333,-122.9756167,QB50062,New (Liz)
Quillback Rockfish,47.27296667,-122.7249167,QB50063,New (Liz)
Quillback Rockfish,48.204967,-123.516387,QB50064,New (Liz)
Quillback Rockfish,48.66971,-122.67055,QB50065,New (Liz)
Quillback Rockfish,48.56498333,-125.7918667,QB50066,New (Liz)
Quillback Rockfish,47.124792,-122.687455,QB50067,New (Liz)
Quillback Rockfish,47.124792,-122.687455,QB50067RE,New (Liz)
Quillback Rockfish,48.65306667,-125.4839833,QB50068,New (Liz)
Quillback Rockfish,48.55761733,-122.7634025,QB50070,New (Liz)
Quillback Rockfish,48.64363333,-125.5132333,QB50071,New (Liz)
Quillback Rockfish,48.48373136,-123.098335,QB50072,New (Liz)
Quillback Rockfish,48.48373136,-123.098335,QB50072RE,New (Liz)
Quillback Rockfish,48.571,-124.7910167,QB50073,New (Liz)
Quillback Rockfish,48.203725,-123.503443,QB50074,New (Liz)
Quillback Rockfish,48.6509836,-123.0859036,QB50075,New (Liz)
Quillback Rockfish,48.64896139,-123.1414966,QB50076,New (Liz)
Quillback Rockfish,48.55454394,-123.0016789,QB50077,New (Liz)
Quillback Rockfish,48.65306667,-125.4839833,QB50078,New (Liz)
Quillback Rockfish,48.65306667,-125.4839833,QB50078RE,New (Liz)
Quillback Rockfish,48.64917848,-123.1404636,QB50079,New (Liz)
Quillback Rockfish,48.47909315,-123.0864651,QB50080,New (Liz)
Quillback Rockfish,48.408193,-124.664577,QB50081,New (Liz)
Quillback Rockfish,48.54522771,-123.1734485,QB50082,New (Liz)
Quillback Rockfish,48.414,-123.149,QB50083,New (Liz)
Quillback Rockfish,47.13091667,-122.6742167,QB50084,New (Liz)
Quillback Rockfish,47.12577,-122.687631,QB50085,New (Liz)
Quillback Rockfish,47.13091667,-122.6742167,QB50086,New (Liz)
Quillback Rockfish,48.64363333,-125.5132333,QB50088,New (Liz)
Quillback Rockfish,48.414,-123.149,QB50090,New (Liz)
Quillback Rockfish,48.65306667,-125.4839833,QB50091,New (Liz)
Quillback Rockfish,48.67066667,-125.3187833,QB50092,New (Liz)
Quillback Rockfish,48.408193,-124.664577,QB50093,New (Liz)
Quillback Rockfish,48.73498142,-122.8835902,QB50094,New (Liz)
Quillback Rockfish,48.803,-123.067,QB50095,New (Liz)
Quillback Rockfish,47.1488,-122.6667833,QB50096,New (Liz)
Quillback Rockfish,48.64363333,-125.5132333,QB50099,New (Liz)
Quillback Rockfish,47.18286667,-122.61735,QB50100,New (Liz)
Quillback Rockfish,48.571,-124.7910167,QB50101,New (Liz)
Quillback Rockfish,48.92916667,-125.7108,QB50102,New (Liz)
Quillback Rockfish,47.2382,-122.653,QB50103,New (Liz)
Quillback Rockfish,48.571,-124.7910167,QB50104,New (Liz)
Quillback Rockfish,47.13091667,-122.6742167,QB50105,New (Liz)
Quillback Rockfish,48.54491339,-123.1731843,QB50106,New (Liz)
Quillback Rockfish,48.203725,-123.503443,QB50107,New (Liz)
Quillback Rockfish,47.146,-122.668,QB50109,New (Liz)
Quillback Rockfish,48.408193,-124.664577,QB50110,New (Liz)
Quillback Rockfish,48.65085897,-123.0852373,QB50111,New (Liz)
Quillback Rockfish,48.571,-124.7910167,QB50112,New (Liz)
Quillback Rockfish,48.47318114,-123.0753765,QB50113,New (Liz)
Quillback Rockfish,47.13648333,-122.67025,QB50114,New (Liz)
Quillback Rockfish,48.5542178,-122.7607709,QB50115,New (Liz)
Quillback Rockfish,47.445395,-123.085066,QB50116,New (Liz)
Quillback Rockfish,48.47842017,-123.122966,QB50117,New (Liz)
Quillback Rockfish,48.56498333,-125.7918667,QB50118,New (Liz)
Quillback Rockfish,48.803,-123.067,QB50119,New (Liz)
Quillback Rockfish,49.1949,-126.2618167,QB50120,New (Liz)
Quillback Rockfish,49.1949,-126.2618167,QB50120B,New (Liz)
Quillback Rockfish,48.64630231,-123.087954,QB50121,New (Liz)
Quillback Rockfish,48.8836,-125.79825,QB50122,New (Liz)
Quillback Rockfish,48.8836,-125.79825,QB50122B,New (Liz)
Quillback Rockfish,48.6725437,-123.0203485,QB50123,New (Liz)
Quillback Rockfish,48.6725437,-123.0203485,QB50123B,New (Liz)
Quillback Rockfish,48.64363333,-125.5132333,QB50124,New (Liz)
Quillback Rockfish,48.64363333,-125.5132333,QB50124B,New (Liz)
Quillback Rockfish,48.4124737,-122.8126096,QB50125,New (Liz)
Quillback Rockfish,48.4124737,-122.8126096,QB50125B,New (Liz)
Quillback Rockfish,48.8836,-125.79825,QB50126,New (Liz)
Quillback Rockfish,48.8836,-125.79825,QB50126B,New (Liz)
Quillback Rockfish,48.55722841,-123.0064103,QB50127,New (Liz)
Quillback Rockfish,48.55722841,-123.0064103,QB50127B,New (Liz)
Quillback Rockfish,48.47082323,-123.071591,QB50128,New (Liz)
Quillback Rockfish,48.47082323,-123.071591,QB50128B,New (Liz)
Quillback Rockfish,48.571,-124.7910167,QB50129,New (Liz)
Quillback Rockfish,48.571,-124.7910167,QB50129B,New (Liz)
Quillback Rockfish,48.55497603,-122.7607753,QB50130,New (Liz)
Quillback Rockfish,48.55497603,-122.7607753,QB50130B,New (Liz)
Quillback Rockfish,48.65306667,-125.4839833,QB50131,New (Liz)
Quillback Rockfish,48.65306667,-125.4839833,QB50131B,New (Liz)
Quillback Rockfish,49.03681667,-126.27585,QB50132,New (Liz)
Quillback Rockfish,49.03681667,-126.27585,QB50132B,New (Liz)
Quillback Rockfish,48.73589111,-123.0391021,QB50133,New (Liz)
Quillback Rockfish,48.73589111,-123.0391021,QB50133B,New (Liz)
Quillback Rockfish,48.55365118,-122.7612928,QB50134,New (Liz)
Quillback Rockfish,48.55365118,-122.7612928,QB50134B,New (Liz)
Quillback Rockfish,48.64363333,-125.5132333,QB50135,New (Liz)
Quillback Rockfish,48.64363333,-125.5132333,QB50135B,New (Liz)
Quillback Rockfish,48.4837907,-123.0981922,QB50136,New (Liz)
Quillback Rockfish,48.4837907,-123.0981922,QB50136B,New (Liz)
Quillback Rockfish,48.60978333,-125.2310333,QB50137,New (Liz)
Quillback Rockfish,48.60978333,-125.2310333,QB50137B,New (Liz)
Quillback Rockfish,48.65306667,-125.4839833,QB50138,New (Liz)
Quillback Rockfish,48.65306667,-125.4839833,QB50138B,New (Liz)
Quillback Rockfish,48.48242596,-123.0971799,QB50139,New (Liz)
Quillback Rockfish,48.48242596,-123.0971799,QB50139B,New (Liz)
Quillback Rockfish,48.67066667,-125.3187833,QB50140,New (Liz)
Quillback Rockfish,48.67066667,-125.3187833,QB50140B,New (Liz)
Quillback Rockfish,48.66823557,-122.7451906,QB50141,New (Liz)
Quillback Rockfish,48.66823557,-122.7451906,QB50141B,New (Liz)
Quillback Rockfish,48.64363333,-125.5132333,QB50142,New (Liz)
Quillback Rockfish,48.64363333,-125.5132333,QB50142B,New (Liz)
Quillback Rockfish,48.47621422,-123.0789068,QB50143,New (Liz)
Quillback Rockfish,48.47621422,-123.0789068,QB50143B,New (Liz)
Quillback Rockfish,48.65306667,-125.4839833,QB50144,New (Liz)
Quillback Rockfish,48.65306667,-125.4839833,QB50144B,New (Liz)
Quillback Rockfish,48.55847665,-122.7631785,QB50145,New (Liz)
Quillback Rockfish,48.54627545,-123.1732328,QB50145B,New (Liz)
Quillback Rockfish,48.55812603,-122.7633053,QB50146,New (Liz)
Quillback Rockfish,48.55812603,-122.7633053,QB50146B,New (Liz)
Quillback Rockfish,48.64363333,-125.5132333,QB50147,New (Liz)
Quillback Rockfish,48.64363333,-125.5132333,QB50147B,New (Liz)
Quillback Rockfish,48.55812603,-122.7633053,QB50148,New (Liz)
Quillback Rockfish,48.55812603,-122.7633053,QB50148B,New (Liz)
Quillback Rockfish,48.56498333,-125.7918667,QB50149,New (Liz)
Quillback Rockfish,48.56498333,-125.7918667,QB50149B,New (Liz)
Quillback Rockfish,48.5542178,-122.7607709,QB50150,New (Liz)
Quillback Rockfish,48.5542178,-122.7607709,QB50150B,New (Liz)
Quillback Rockfish,49.1949,-126.2618167,QB50151,New (Liz)
Quillback Rockfish,49.1949,-126.2618167,QB50151B,New (Liz)
Quillback Rockfish,48.204967,-123.516387,QB50152,New (Liz)
Quillback Rockfish,47.41393333,-123.11915,QB50152B,New (Liz)
Quillback Rockfish,47.881385,-122.446261,QBD20102,New (Liz)
